tx_id,src_id,dst_id,amount,timestamp,description,embedding
tx_90000,acc_4195,acc_1062,11367.66,2024-01-01T12:00:00,offshore transfer to tax haven,0.3354588747024536|0.535832405090332|0.8962000608444214|0.9040831327438354|0.7957221269607544|0.13063232600688934|0.20053112506866455|0.5797425508499146
tx_90001,acc_1062,acc_8845,10742.79,2024-01-01T12:00:00,dormant account sudden activity,0.09570565074682236|0.24545806646347046|0.616956889629364|0.6823961138725281|0.6397320628166199|0.08319433778524399|0.9039698839187622|0.2902640998363495
tx_90002,acc_8845,acc_4833,7890.49,2024-01-01T12:00:00,offshore transfer to tax haven,0.3354588747024536|0.535832405090332|0.8962000608444214|0.9040831327438354|0.7957221269607544|0.13063232600688934|0.20053112506866455|0.5797425508499146
tx_90003,acc_4833,acc_1888,9042.81,2024-01-01T12:00:00,offshore transfer to tax haven,0.3354588747024536|0.535832405090332|0.8962000608444214|0.9040831327438354|0.7957221269607544|0.13063232600688934|0.20053112506866455|0.5797425508499146
tx_90004,acc_1888,acc_2228,9541.03,2024-01-01T12:00:00,layered transfer via intermediary,0.11232969164848328|0.18115782737731934|0.2512912452220917|0.8549295663833618|0.8314007520675659|0.9641883969306946|0.5086520314216614|0.450801283121109
tx_90005,acc_2228,acc_4924,11267.35,2024-01-01T12:00:00,shell company payment,0.5747149586677551|0.25125250220298767|0.8648430109024048|0.1363816261291504|0.3268207311630249|0.43060746788978577|0.1474243551492691|0.09917276352643967
tx_90006,acc_4924,acc_4195,8536.65,2024-01-01T12:00:00,rapid movement of funds between accounts,0.3340839743614197|0.6522120833396912|0.4539414644241333|0.33819061517715454|0.7321610450744629|0.41455012559890747|0.7218261957168579|0.4635797142982483
tx_90007,acc_3518,acc_7526,9064.57,2024-01-01T12:00:00,rapid movement of funds between accounts,0.3340839743614197|0.6522120833396912|0.4539414644241333|0.33819061517715454|0.7321610450744629|0.41455012559890747|0.7218261957168579|0.4635797142982483
tx_90008,acc_7526,acc_7168,10529.14,2024-01-01T12:00:00,dormant account sudden activity,0.09570565074682236|0.24545806646347046|0.616956889629364|0.6823961138725281|0.6397320628166199|0.08319433778524399|0.9039698839187622|0.2902640998363495
tx_90009,acc_7168,acc_7991,11761.47,2024-01-01T12:00:00,high-value cross-border wire,0.7645555138587952|0.9969177842140198|0.11546910554170609|0.3026147782802582|0.6523883938789368|0.585801362991333|0.19824202358722687|0.634227454662323
tx_90010,acc_7991,acc_2478,9462.33,2024-01-01T12:00:00,shell company payment,0.5747149586677551|0.25125250220298767|0.8648430109024048|0.1363816261291504|0.3268207311630249|0.43060746788978577|0.1474243551492691|0.09917276352643967
tx_90011,acc_2478,acc_8313,8106.47,2024-01-01T12:00:00,rapid movement of funds between accounts,0.3340839743614197|0.6522120833396912|0.4539414644241333|0.33819061517715454|0.7321610450744629|0.41455012559890747|0.7218261957168579|0.4635797142982483
tx_90012,acc_8313,acc_3518,12103.22,2024-01-01T12:00:00,dormant account sudden activity,0.09570565074682236|0.24545806646347046|0.616956889629364|0.6823961138725281|0.6397320628166199|0.08319433778524399|0.9039698839187622|0.2902640998363495
tx_90013,acc_6659,acc_3718,8003.83,2024-01-01T12:00:00,layered transfer via intermediary,0.11232969164848328|0.18115782737731934|0.2512912452220917|0.8549295663833618|0.8314007520675659|0.9641883969306946|0.5086520314216614|0.450801283121109
tx_90014,acc_3718,acc_8627,7857.53,2024-01-01T12:00:00,layered transfer via intermediary,0.11232969164848328|0.18115782737731934|0.2512912452220917|0.8549295663833618|0.8314007520675659|0.9641883969306946|0.5086520314216614|0.450801283121109
tx_90015,acc_8627,acc_572,8372.82,2024-01-01T12:00:00,structuring deposit below threshold,0.015561695210635662|0.9960173964500427|0.7905386090278625|0.3885985016822815|0.4883720874786377|0.7861596345901489|0.07348134368658066|0.5417303442955017
tx_90016,acc_572,acc_6659,10848.04,2024-01-01T12:00:00,dormant account sudden activity,0.09570565074682236|0.24545806646347046|0.616956889629364|0.6823961138725281|0.6397320628166199|0.08319433778524399|0.9039698839187622|0.2902640998363495
tx_90017,acc_3803,acc_9679,11204.32,2024-01-01T12:00:00,dormant account sudden activity,0.09570565074682236|0.24545806646347046|0.616956889629364|0.6823961138725281|0.6397320628166199|0.08319433778524399|0.9039698839187622|0.2902640998363495
tx_90018,acc_9679,acc_9889,9894.67,2024-01-01T12:00:00,layered transfer via intermediary,0.11232969164848328|0.18115782737731934|0.2512912452220917|0.8549295663833618|0.8314007520675659|0.9641883969306946|0.5086520314216614|0.450801283121109
tx_90019,acc_9889,acc_3664,9498.17,2024-01-01T12:00:00,dormant account sudden activity,0.09570565074682236|0.24545806646347046|0.616956889629364|0.6823961138725281|0.6397320628166199|0.08319433778524399|0.9039698839187622|0.2902640998363495
tx_90020,acc_3664,acc_6351,11981.99,2024-01-01T12:00:00,structuring deposit below threshold,0.015561695210635662|0.9960173964500427|0.7905386090278625|0.3885985016822815|0.4883720874786377|0.7861596345901489|0.07348134368658066|0.5417303442955017
tx_90021,acc_6351,acc_2431,7808.74,2024-01-01T12:00:00,dormant account sudden activity,0.09570565074682236|0.24545806646347046|0.616956889629364|0.6823961138725281|0.6397320628166199|0.08319433778524399|0.9039698839187622|0.2902640998363495
tx_90022,acc_2431,acc_9967,8150.98,2024-01-01T12:00:00,rapid movement of funds between accounts,0.3340839743614197|0.6522120833396912|0.4539414644241333|0.33819061517715454|0.7321610450744629|0.41455012559890747|0.7218261957168579|0.4635797142982483
tx_90023,acc_9967,acc_3803,10455.89,2024-01-01T12:00:00,structuring deposit below threshold,0.015561695210635662|0.9960173964500427|0.7905386090278625|0.3885985016822815|0.4883720874786377|0.7861596345901489|0.07348134368658066|0.5417303442955017
tx_90024,acc_3681,acc_4034,8380.35,2024-01-01T12:00:00,dormant account sudden activity,0.09570565074682236|0.24545806646347046|0.616956889629364|0.6823961138725281|0.6397320628166199|0.08319433778524399|0.9039698839187622|0.2902640998363495
tx_90025,acc_4034,acc_3269,9193.3,2024-01-01T12:00:00,shell company payment,0.5747149586677551|0.25125250220298767|0.8648430109024048|0.1363816261291504|0.3268207311630249|0.43060746788978577|0.1474243551492691|0.09917276352643967
tx_90026,acc_3269,acc_7055,10928.24,2024-01-01T12:00:00,rapid movement of funds between accounts,0.3340839743614197|0.6522120833396912|0.4539414644241333|0.33819061517715454|0.7321610450744629|0.41455012559890747|0.7218261957168579|0.4635797142982483
tx_90027,acc_7055,acc_3681,10613.86,2024-01-01T12:00:00,layered transfer via intermediary,0.11232969164848328|0.18115782737731934|0.2512912452220917|0.8549295663833618|0.8314007520675659|0.9641883969306946|0.5086520314216614|0.450801283121109
tx_90028,acc_3657,acc_2591,8279.51,2024-01-01T12:00:00,offshore transfer to tax haven,0.3354588747024536|0.535832405090332|0.8962000608444214|0.9040831327438354|0.7957221269607544|0.13063232600688934|0.20053112506866455|0.5797425508499146
tx_90029,acc_2591,acc_2228,11984.52,2024-01-01T12:00:00,offshore transfer to tax haven,0.3354588747024536|0.535832405090332|0.8962000608444214|0.9040831327438354|0.7957221269607544|0.13063232600688934|0.20053112506866455|0.5797425508499146
tx_90030,acc_2228,acc_8492,7738.75,2024-01-01T12:00:00,rapid movement of funds between accounts,0.3340839743614197|0.6522120833396912|0.4539414644241333|0.33819061517715454|0.7321610450744629|0.41455012559890747|0.7218261957168579|0.4635797142982483
tx_90031,acc_8492,acc_130,10407.94,2024-01-01T12:00:00,structuring deposit below threshold,0.015561695210635662|0.9960173964500427|0.7905386090278625|0.3885985016822815|0.4883720874786377|0.7861596345901489|0.07348134368658066|0.5417303442955017
tx_90032,acc_130,acc_119,8837.98,2024-01-01T12:00:00,offshore transfer to tax haven,0.3354588747024536|0.535832405090332|0.8962000608444214|0.9040831327438354|0.7957221269607544|0.13063232600688934|0.20053112506866455|0.5797425508499146
tx_90033,acc_119,acc_5046,7734.91,2024-01-01T12:00:00,round-trip transaction,0.49452438950538635|0.6610378623008728|0.9613661766052246|0.48652133345603943|0.16690754890441895|0.3122021555900574|0.6107506155967712|0.41790771484375
tx_90034,acc_5046,acc_3657,12174.82,2024-01-01T12:00:00,high-value cross-border wire,0.7645555138587952|0.9969177842140198|0.11546910554170609|0.3026147782802582|0.6523883938789368|0.585801362991333|0.19824202358722687|0.634227454662323
tx_90035,acc_754,acc_7727,9525.13,2024-01-01T12:00:00,structuring deposit below threshold,0.015561695210635662|0.9960173964500427|0.7905386090278625|0.3885985016822815|0.4883720874786377|0.7861596345901489|0.07348134368658066|0.5417303442955017
tx_90036,acc_7727,acc_1640,10796.66,2024-01-01T12:00:00,rapid movement of funds between accounts,0.3340839743614197|0.6522120833396912|0.4539414644241333|0.33819061517715454|0.7321610450744629|0.41455012559890747|0.7218261957168579|0.4635797142982483
tx_90037,acc_1640,acc_453,7757.72,2024-01-01T12:00:00,offshore transfer to tax haven,0.3354588747024536|0.535832405090332|0.8962000608444214|0.9040831327438354|0.7957221269607544|0.13063232600688934|0.20053112506866455|0.5797425508499146
tx_90038,acc_453,acc_1155,12021.56,2024-01-01T12:00:00,shell company payment,0.5747149586677551|0.25125250220298767|0.8648430109024048|0.1363816261291504|0.3268207311630249|0.43060746788978577|0.1474243551492691|0.09917276352643967
tx_90039,acc_1155,acc_1964,7969.81,2024-01-01T12:00:00,offshore transfer to tax haven,0.3354588747024536|0.535832405090332|0.8962000608444214|0.9040831327438354|0.7957221269607544|0.13063232600688934|0.20053112506866455|0.5797425508499146
tx_90040,acc_1964,acc_3478,11989.04,2024-01-01T12:00:00,structuring deposit below threshold,0.015561695210635662|0.9960173964500427|0.7905386090278625|0.3885985016822815|0.4883720874786377|0.7861596345901489|0.07348134368658066|0.5417303442955017
tx_90041,acc_3478,acc_754,8410.21,2024-01-01T12:00:00,rapid movement of funds between accounts,0.3340839743614197|0.6522120833396912|0.4539414644241333|0.33819061517715454|0.7321610450744629|0.41455012559890747|0.7218261957168579|0.4635797142982483
tx_90042,acc_8196,acc_6272,7757.98,2024-01-01T12:00:00,layered transfer via intermediary,0.11232969164848328|0.18115782737731934|0.2512912452220917|0.8549295663833618|0.8314007520675659|0.9641883969306946|0.5086520314216614|0.450801283121109
tx_90043,acc_6272,acc_6280,7955.15,2024-01-01T12:00:00,high-value cross-border wire,0.7645555138587952|0.9969177842140198|0.11546910554170609|0.3026147782802582|0.6523883938789368|0.585801362991333|0.19824202358722687|0.634227454662323
tx_90044,acc_6280,acc_489,11116.12,2024-01-01T12:00:00,rapid movement of funds between accounts,0.3340839743614197|0.6522120833396912|0.4539414644241333|0.33819061517715454|0.7321610450744629|0.41455012559890747|0.7218261957168579|0.4635797142982483
tx_90045,acc_489,acc_8196,10506.95,2024-01-01T12:00:00,round-trip transaction,0.49452438950538635|0.6610378623008728|0.9613661766052246|0.48652133345603943|0.16690754890441895|0.3122021555900574|0.6107506155967712|0.41790771484375
tx_90046,acc_869,acc_9022,9519.83,2024-01-01T12:00:00,dormant account sudden activity,0.09570565074682236|0.24545806646347046|0.616956889629364|0.6823961138725281|0.6397320628166199|0.08319433778524399|0.9039698839187622|0.2902640998363495
tx_90047,acc_9022,acc_1341,11140.28,2024-01-01T12:00:00,layered transfer via intermediary,0.11232969164848328|0.18115782737731934|0.2512912452220917|0.8549295663833618|0.8314007520675659|0.9641883969306946|0.5086520314216614|0.450801283121109
tx_90048,acc_1341,acc_2568,11571.37,2024-01-01T12:00:00,dormant account sudden activity,0.09570565074682236|0.24545806646347046|0.616956889629364|0.6823961138725281|0.6397320628166199|0.08319433778524399|0.9039698839187622|0.2902640998363495
tx_90049,acc_2568,acc_2013,12195.85,2024-01-01T12:00:00,rapid movement of funds between accounts,0.3340839743614197|0.6522120833396912|0.4539414644241333|0.33819061517715454|0.7321610450744629|0.41455012559890747|0.7218261957168579|0.4635797142982483
tx_90050,acc_2013,acc_869,9844.81,2024-01-01T12:00:00,shell company payment,0.5747149586677551|0.25125250220298767|0.8648430109024048|0.1363816261291504|0.3268207311630249|0.43060746788978577|0.1474243551492691|0.09917276352643967
tx_90051,acc_5416,acc_2416,8875.01,2024-01-01T12:00:00,high-value cross-border wire,0.7645555138587952|0.9969177842140198|0.11546910554170609|0.3026147782802582|0.6523883938789368|0.585801362991333|0.19824202358722687|0.634227454662323
tx_90052,acc_2416,acc_656,11293.44,2024-01-01T12:00:00,rapid movement of funds between accounts,0.3340839743614197|0.6522120833396912|0.4539414644241333|0.33819061517715454|0.7321610450744629|0.41455012559890747|0.7218261957168579|0.4635797142982483
tx_90053,acc_656,acc_8106,11351.17,2024-01-01T12:00:00,offshore transfer to tax haven,0.3354588747024536|0.535832405090332|0.8962000608444214|0.9040831327438354|0.7957221269607544|0.13063232600688934|0.20053112506866455|0.5797425508499146
tx_90054,acc_8106,acc_6151,8755.35,2024-01-01T12:00:00,round-trip transaction,0.49452438950538635|0.6610378623008728|0.9613661766052246|0.48652133345603943|0.16690754890441895|0.3122021555900574|0.6107506155967712|0.41790771484375
tx_90055,acc_6151,acc_6208,8546.41,2024-01-01T12:00:00,shell company payment,0.5747149586677551|0.25125250220298767|0.8648430109024048|0.1363816261291504|0.3268207311630249|0.43060746788978577|0.1474243551492691|0.09917276352643967
tx_90056,acc_6208,acc_6131,7969.22,2024-01-01T12:00:00,rapid movement of funds between accounts,0.3340839743614197|0.6522120833396912|0.4539414644241333|0.33819061517715454|0.7321610450744629|0.41455012559890747|0.7218261957168579|0.4635797142982483
tx_90057,acc_6131,acc_5416,12416.3,2024-01-01T12:00:00,offshore transfer to tax haven,0.3354588747024536|0.535832405090332|0.8962000608444214|0.9040831327438354|0.7957221269607544|0.13063232600688934|0.20053112506866455|0.5797425508499146
tx_90058,acc_6435,acc_796,10783.24,2024-01-01T12:00:00,high-value cross-border wire,0.7645555138587952|0.9969177842140198|0.11546910554170609|0.3026147782802582|0.6523883938789368|0.585801362991333|0.19824202358722687|0.634227454662323
tx_90059,acc_796,acc_3824,10152.87,2024-01-01T12:00:00,shell company payment,0.5747149586677551|0.25125250220298767|0.8648430109024048|0.1363816261291504|0.3268207311630249|0.43060746788978577|0.1474243551492691|0.09917276352643967
tx_90060,acc_3824,acc_7812,10087.37,2024-01-01T12:00:00,layered transfer via intermediary,0.11232969164848328|0.18115782737731934|0.2512912452220917|0.8549295663833618|0.8314007520675659|0.9641883969306946|0.5086520314216614|0.450801283121109
tx_90061,acc_7812,acc_2857,11105.49,2024-01-01T12:00:00,dormant account sudden activity,0.09570565074682236|0.24545806646347046|0.616956889629364|0.6823961138725281|0.6397320628166199|0.08319433778524399|0.9039698839187622|0.2902640998363495
tx_90062,acc_2857,acc_7826,12276.03,2024-01-01T12:00:00,round-trip transaction,0.49452438950538635|0.6610378623008728|0.9613661766052246|0.48652133345603943|0.16690754890441895|0.3122021555900574|0.6107506155967712|0.41790771484375
tx_90063,acc_7826,acc_7333,9439.11,2024-01-01T12:00:00,high-value cross-border wire,0.7645555138587952|0.9969177842140198|0.11546910554170609|0.3026147782802582|0.6523883938789368|0.585801362991333|0.19824202358722687|0.634227454662323
tx_90064,acc_7333,acc_6435,12000.25,2024-01-01T12:00:00,shell company payment,0.5747149586677551|0.25125250220298767|0.8648430109024048|0.1363816261291504|0.3268207311630249|0.43060746788978577|0.1474243551492691|0.09917276352643967
tx_90065,acc_830,acc_1052,10750.78,2024-01-01T12:00:00,layered transfer via intermediary,0.11232969164848328|0.18115782737731934|0.2512912452220917|0.8549295663833618|0.8314007520675659|0.9641883969306946|0.5086520314216614|0.450801283121109
tx_90066,acc_1052,acc_2007,8842.61,2024-01-01T12:00:00,round-trip transaction,0.49452438950538635|0.6610378623008728|0.9613661766052246|0.48652133345603943|0.16690754890441895|0.3122021555900574|0.6107506155967712|0.41790771484375
tx_90067,acc_2007,acc_45,11769.52,2024-01-01T12:00:00,dormant account sudden activity,0.09570565074682236|0.24545806646347046|0.616956889629364|0.6823961138725281|0.6397320628166199|0.08319433778524399|0.9039698839187622|0.2902640998363495
tx_90068,acc_45,acc_2364,11181.03,2024-01-01T12:00:00,rapid movement of funds between accounts,0.3340839743614197|0.6522120833396912|0.4539414644241333|0.33819061517715454|0.7321610450744629|0.41455012559890747|0.7218261957168579|0.4635797142982483
tx_90069,acc_2364,acc_830,10053.92,2024-01-01T12:00:00,shell company payment,0.5747149586677551|0.25125250220298767|0.8648430109024048|0.1363816261291504|0.3268207311630249|0.43060746788978577|0.1474243551492691|0.09917276352643967
tx_90070,acc_1826,acc_2436,11337.63,2024-01-01T12:00:00,dormant account sudden activity,0.09570565074682236|0.24545806646347046|0.616956889629364|0.6823961138725281|0.6397320628166199|0.08319433778524399|0.9039698839187622|0.2902640998363495
tx_90071,acc_2436,acc_9363,12011.41,2024-01-01T12:00:00,rapid movement of funds between accounts,0.3340839743614197|0.6522120833396912|0.4539414644241333|0.33819061517715454|0.7321610450744629|0.41455012559890747|0.7218261957168579|0.4635797142982483
tx_90072,acc_9363,acc_7263,12230.13,2024-01-01T12:00:00,rapid movement of funds between accounts,0.3340839743614197|0.6522120833396912|0.4539414644241333|0.33819061517715454|0.7321610450744629|0.41455012559890747|0.7218261957168579|0.4635797142982483
tx_90073,acc_7263,acc_1826,8085.95,2024-01-01T12:00:00,shell company payment,0.5747149586677551|0.25125250220298767|0.8648430109024048|0.1363816261291504|0.3268207311630249|0.43060746788978577|0.1474243551492691|0.09917276352643967
tx_90074,acc_475,acc_3921,9900.85,2024-01-01T12:00:00,round-trip transaction,0.49452438950538635|0.6610378623008728|0.9613661766052246|0.48652133345603943|0.16690754890441895|0.3122021555900574|0.6107506155967712|0.41790771484375
tx_90075,acc_3921,acc_2586,10266.89,2024-01-01T12:00:00,offshore transfer to tax haven,0.3354588747024536|0.535832405090332|0.8962000608444214|0.9040831327438354|0.7957221269607544|0.13063232600688934|0.20053112506866455|0.5797425508499146
tx_90076,acc_2586,acc_5585,9482.06,2024-01-01T12:00:00,layered transfer via intermediary,0.11232969164848328|0.18115782737731934|0.2512912452220917|0.8549295663833618|0.8314007520675659|0.9641883969306946|0.5086520314216614|0.450801283121109
tx_90077,acc_5585,acc_6790,8430.98,2024-01-01T12:00:00,high-value cross-border wire,0.7645555138587952|0.9969177842140198|0.11546910554170609|0.3026147782802582|0.6523883938789368|0.585801362991333|0.19824202358722687|0.634227454662323
tx_90078,acc_6790,acc_600,10042.14,2024-01-01T12:00:00,offshore transfer to tax haven,0.3354588747024536|0.535832405090332|0.8962000608444214|0.9040831327438354|0.7957221269607544|0.13063232600688934|0.20053112506866455|0.5797425508499146
tx_90079,acc_600,acc_475,8790.3,2024-01-01T12:00:00,layered transfer via intermediary,0.11232969164848328|0.18115782737731934|0.2512912452220917|0.8549295663833618|0.8314007520675659|0.9641883969306946|0.5086520314216614|0.450801283121109
tx_90080,acc_2582,acc_9048,9322.0,2024-01-01T12:00:00,shell company payment,0.5747149586677551|0.25125250220298767|0.8648430109024048|0.1363816261291504|0.3268207311630249|0.43060746788978577|0.1474243551492691|0.09917276352643967
tx_90081,acc_9048,acc_7347,9041.29,2024-01-01T12:00:00,layered transfer via intermediary,0.11232969164848328|0.18115782737731934|0.2512912452220917|0.8549295663833618|0.8314007520675659|0.9641883969306946|0.5086520314216614|0.450801283121109
tx_90082,acc_7347,acc_2034,7945.38,2024-01-01T12:00:00,high-value cross-border wire,0.7645555138587952|0.9969177842140198|0.11546910554170609|0.3026147782802582|0.6523883938789368|0.585801362991333|0.19824202358722687|0.634227454662323
tx_90083,acc_2034,acc_897,8169.42,2024-01-01T12:00:00,structuring deposit below threshold,0.015561695210635662|0.9960173964500427|0.7905386090278625|0.3885985016822815|0.4883720874786377|0.7861596345901489|0.07348134368658066|0.5417303442955017
tx_90084,acc_897,acc_236,10749.61,2024-01-01T12:00:00,shell company payment,0.5747149586677551|0.25125250220298767|0.8648430109024048|0.1363816261291504|0.3268207311630249|0.43060746788978577|0.1474243551492691|0.09917276352643967
tx_90085,acc_236,acc_567,7857.26,2024-01-01T12:00:00,high-value cross-border wire,0.7645555138587952|0.9969177842140198|0.11546910554170609|0.3026147782802582|0.6523883938789368|0.585801362991333|0.19824202358722687|0.634227454662323
tx_90086,acc_567,acc_2582,11283.21,2024-01-01T12:00:00,structuring deposit below threshold,0.015561695210635662|0.9960173964500427|0.7905386090278625|0.3885985016822815|0.4883720874786377|0.7861596345901489|0.07348134368658066|0.5417303442955017
tx_90087,acc_3502,acc_171,7565.91,2024-01-01T12:00:00,offshore transfer to tax haven,0.3354588747024536|0.535832405090332|0.8962000608444214|0.9040831327438354|0.7957221269607544|0.13063232600688934|0.20053112506866455|0.5797425508499146
tx_90088,acc_171,acc_2318,9296.01,2024-01-01T12:00:00,layered transfer via intermediary,0.11232969164848328|0.18115782737731934|0.2512912452220917|0.8549295663833618|0.8314007520675659|0.9641883969306946|0.5086520314216614|0.450801283121109
tx_90089,acc_2318,acc_5603,11435.67,2024-01-01T12:00:00,structuring deposit below threshold,0.015561695210635662|0.9960173964500427|0.7905386090278625|0.3885985016822815|0.4883720874786377|0.7861596345901489|0.07348134368658066|0.5417303442955017
tx_90090,acc_5603,acc_4385,11779.59,2024-01-01T12:00:00,layered transfer via intermediary,0.11232969164848328|0.18115782737731934|0.2512912452220917|0.8549295663833618|0.8314007520675659|0.9641883969306946|0.5086520314216614|0.450801283121109
tx_90091,acc_4385,acc_7573,8413.27,2024-01-01T12:00:00,layered transfer via intermediary,0.11232969164848328|0.18115782737731934|0.2512912452220917|0.8549295663833618|0.8314007520675659|0.9641883969306946|0.5086520314216614|0.450801283121109
tx_90092,acc_7573,acc_1483,10895.24,2024-01-01T12:00:00,shell company payment,0.5747149586677551|0.25125250220298767|0.8648430109024048|0.1363816261291504|0.3268207311630249|0.43060746788978577|0.1474243551492691|0.09917276352643967
tx_90093,acc_1483,acc_3502,12184.05,2024-01-01T12:00:00,shell company payment,0.5747149586677551|0.25125250220298767|0.8648430109024048|0.1363816261291504|0.3268207311630249|0.43060746788978577|0.1474243551492691|0.09917276352643967
tx_90094,acc_5429,acc_4262,10241.25,2024-01-01T12:00:00,structuring deposit below threshold,0.015561695210635662|0.9960173964500427|0.7905386090278625|0.3885985016822815|0.4883720874786377|0.7861596345901489|0.07348134368658066|0.5417303442955017
tx_90095,acc_4262,acc_7908,9537.22,2024-01-01T12:00:00,round-trip transaction,0.49452438950538635|0.6610378623008728|0.9613661766052246|0.48652133345603943|0.16690754890441895|0.3122021555900574|0.6107506155967712|0.41790771484375
tx_90096,acc_7908,acc_9912,10108.36,2024-01-01T12:00:00,dormant account sudden activity,0.09570565074682236|0.24545806646347046|0.616956889629364|0.6823961138725281|0.6397320628166199|0.08319433778524399|0.9039698839187622|0.2902640998363495
tx_90097,acc_9912,acc_1471,7792.36,2024-01-01T12:00:00,shell company payment,0.5747149586677551|0.25125250220298767|0.8648430109024048|0.1363816261291504|0.3268207311630249|0.43060746788978577|0.1474243551492691|0.09917276352643967
tx_90098,acc_1471,acc_4334,9395.76,2024-01-01T12:00:00,high-value cross-border wire,0.7645555138587952|0.9969177842140198|0.11546910554170609|0.3026147782802582|0.6523883938789368|0.585801362991333|0.19824202358722687|0.634227454662323
tx_90099,acc_4334,acc_661,11012.26,2024-01-01T12:00:00,rapid movement of funds between accounts,0.3340839743614197|0.6522120833396912|0.4539414644241333|0.33819061517715454|0.7321610450744629|0.41455012559890747|0.7218261957168579|0.4635797142982483
tx_90100,acc_661,acc_5429,11400.85,2024-01-01T12:00:00,shell company payment,0.5747149586677551|0.25125250220298767|0.8648430109024048|0.1363816261291504|0.3268207311630249|0.43060746788978577|0.1474243551492691|0.09917276352643967
tx_90101,acc_8359,acc_489,8690.5,2024-01-01T12:00:00,layered transfer via intermediary,0.11232969164848328|0.18115782737731934|0.2512912452220917|0.8549295663833618|0.8314007520675659|0.9641883969306946|0.5086520314216614|0.450801283121109
tx_90102,acc_489,acc_6030,12255.66,2024-01-01T12:00:00,layered transfer via intermediary,0.11232969164848328|0.18115782737731934|0.2512912452220917|0.8549295663833618|0.8314007520675659|0.9641883969306946|0.5086520314216614|0.450801283121109
tx_90103,acc_6030,acc_8041,9647.6,2024-01-01T12:00:00,round-trip transaction,0.49452438950538635|0.6610378623008728|0.9613661766052246|0.48652133345603943|0.16690754890441895|0.3122021555900574|0.6107506155967712|0.41790771484375
tx_90104,acc_8041,acc_1449,11100.03,2024-01-01T12:00:00,shell company payment,0.5747149586677551|0.25125250220298767|0.8648430109024048|0.1363816261291504|0.3268207311630249|0.43060746788978577|0.1474243551492691|0.09917276352643967
tx_90105,acc_1449,acc_8359,12301.35,2024-01-01T12:00:00,round-trip transaction,0.49452438950538635|0.6610378623008728|0.9613661766052246|0.48652133345603943|0.16690754890441895|0.3122021555900574|0.6107506155967712|0.41790771484375
tx_90106,acc_8287,acc_113,9689.47,2024-01-01T12:00:00,dormant account sudden activity,0.09570565074682236|0.24545806646347046|0.616956889629364|0.6823961138725281|0.6397320628166199|0.08319433778524399|0.9039698839187622|0.2902640998363495
tx_90107,acc_113,acc_808,12018.7,2024-01-01T12:00:00,round-trip transaction,0.49452438950538635|0.6610378623008728|0.9613661766052246|0.48652133345603943|0.16690754890441895|0.3122021555900574|0.6107506155967712|0.41790771484375
tx_90108,acc_808,acc_7033,10989.74,2024-01-01T12:00:00,round-trip transaction,0.49452438950538635|0.6610378623008728|0.9613661766052246|0.48652133345603943|0.16690754890441895|0.3122021555900574|0.6107506155967712|0.41790771484375
tx_90109,acc_7033,acc_695,11232.03,2024-01-01T12:00:00,rapid movement of funds between accounts,0.3340839743614197|0.6522120833396912|0.4539414644241333|0.33819061517715454|0.7321610450744629|0.41455012559890747|0.7218261957168579|0.4635797142982483
tx_90110,acc_695,acc_8231,7576.51,2024-01-01T12:00:00,structuring deposit below threshold,0.015561695210635662|0.9960173964500427|0.7905386090278625|0.3885985016822815|0.4883720874786377|0.7861596345901489|0.07348134368658066|0.5417303442955017
tx_90111,acc_8231,acc_8287,10802.92,2024-01-01T12:00:00,round-trip transaction,0.49452438950538635|0.6610378623008728|0.9613661766052246|0.48652133345603943|0.16690754890441895|0.3122021555900574|0.6107506155967712|0.41790771484375
tx_90112,acc_3950,acc_5155,9907.89,2024-01-01T12:00:00,offshore transfer to tax haven,0.3354588747024536|0.535832405090332|0.8962000608444214|0.9040831327438354|0.7957221269607544|0.13063232600688934|0.20053112506866455|0.5797425508499146
tx_90113,acc_5155,acc_7873,11694.05,2024-01-01T12:00:00,rapid movement of funds between accounts,0.3340839743614197|0.6522120833396912|0.4539414644241333|0.33819061517715454|0.7321610450744629|0.41455012559890747|0.7218261957168579|0.4635797142982483
tx_90114,acc_7873,acc_7350,8175.77,2024-01-01T12:00:00,rapid movement of funds between accounts,0.3340839743614197|0.6522120833396912|0.4539414644241333|0.33819061517715454|0.7321610450744629|0.41455012559890747|0.7218261957168579|0.4635797142982483
tx_90115,acc_7350,acc_8977,11090.23,2024-01-01T12:00:00,round-trip transaction,0.49452438950538635|0.6610378623008728|0.9613661766052246|0.48652133345603943|0.16690754890441895|0.3122021555900574|0.6107506155967712|0.41790771484375
tx_90116,acc_8977,acc_8204,9846.36,2024-01-01T12:00:00,dormant account sudden activity,0.09570565074682236|0.24545806646347046|0.616956889629364|0.6823961138725281|0.6397320628166199|0.08319433778524399|0.9039698839187622|0.2902640998363495
tx_90117,acc_8204,acc_491,10589.85,2024-01-01T12:00:00,high-value cross-border wire,0.7645555138587952|0.9969177842140198|0.11546910554170609|0.3026147782802582|0.6523883938789368|0.585801362991333|0.19824202358722687|0.634227454662323
tx_90118,acc_491,acc_3950,8604.54,2024-01-01T12:00:00,shell company payment,0.5747149586677551|0.25125250220298767|0.8648430109024048|0.1363816261291504|0.3268207311630249|0.43060746788978577|0.1474243551492691|0.09917276352643967
tx_90119,acc_6115,acc_7009,11128.8,2024-01-01T12:00:00,round-trip transaction,0.49452438950538635|0.6610378623008728|0.9613661766052246|0.48652133345603943|0.16690754890441895|0.3122021555900574|0.6107506155967712|0.41790771484375
tx_90120,acc_7009,acc_7991,9827.96,2024-01-01T12:00:00,offshore transfer to tax haven,0.3354588747024536|0.535832405090332|0.8962000608444214|0.9040831327438354|0.7957221269607544|0.13063232600688934|0.20053112506866455|0.5797425508499146
tx_90121,acc_7991,acc_4644,9582.36,2024-01-01T12:00:00,round-trip transaction,0.49452438950538635|0.6610378623008728|0.9613661766052246|0.48652133345603943|0.16690754890441895|0.3122021555900574|0.6107506155967712|0.41790771484375
tx_90122,acc_4644,acc_6901,7600.45,2024-01-01T12:00:00,structuring deposit below threshold,0.015561695210635662|0.9960173964500427|0.7905386090278625|0.3885985016822815|0.4883720874786377|0.7861596345901489|0.07348134368658066|0.5417303442955017
tx_90123,acc_6901,acc_6115,8537.88,2024-01-01T12:00:00,layered transfer via intermediary,0.11232969164848328|0.18115782737731934|0.2512912452220917|0.8549295663833618|0.8314007520675659|0.9641883969306946|0.5086520314216614|0.450801283121109
tx_90124,acc_7512,acc_3657,7729.99,2024-01-01T12:00:00,round-trip transaction,0.49452438950538635|0.6610378623008728|0.9613661766052246|0.48652133345603943|0.16690754890441895|0.3122021555900574|0.6107506155967712|0.41790771484375
tx_90125,acc_3657,acc_3614,11607.51,2024-01-01T12:00:00,offshore transfer to tax haven,0.3354588747024536|0.535832405090332|0.8962000608444214|0.9040831327438354|0.7957221269607544|0.13063232600688934|0.20053112506866455|0.5797425508499146
tx_90126,acc_3614,acc_8625,11088.13,2024-01-01T12:00:00,dormant account sudden activity,0.09570565074682236|0.24545806646347046|0.616956889629364|0.6823961138725281|0.6397320628166199|0.08319433778524399|0.9039698839187622|0.2902640998363495
tx_90127,acc_8625,acc_7512,9008.17,2024-01-01T12:00:00,dormant account sudden activity,0.09570565074682236|0.24545806646347046|0.616956889629364|0.6823961138725281|0.6397320628166199|0.08319433778524399|0.9039698839187622|0.2902640998363495
tx_90128,acc_6641,acc_9382,12174.86,2024-01-01T12:00:00,shell company payment,0.5747149586677551|0.25125250220298767|0.8648430109024048|0.1363816261291504|0.3268207311630249|0.43060746788978577|0.1474243551492691|0.09917276352643967
tx_90129,acc_9382,acc_9847,11798.45,2024-01-01T12:00:00,shell company payment,0.5747149586677551|0.25125250220298767|0.8648430109024048|0.1363816261291504|0.3268207311630249|0.43060746788978577|0.1474243551492691|0.09917276352643967
tx_90130,acc_9847,acc_8651,12287.7,2024-01-01T12:00:00,offshore transfer to tax haven,0.3354588747024536|0.535832405090332|0.8962000608444214|0.9040831327438354|0.7957221269607544|0.13063232600688934|0.20053112506866455|0.5797425508499146
tx_90131,acc_8651,acc_7990,10753.9,2024-01-01T12:00:00,offshore transfer to tax haven,0.3354588747024536|0.535832405090332|0.8962000608444214|0.9040831327438354|0.7957221269607544|0.13063232600688934|0.20053112506866455|0.5797425508499146
tx_90132,acc_7990,acc_643,10651.36,2024-01-01T12:00:00,shell company payment,0.5747149586677551|0.25125250220298767|0.8648430109024048|0.1363816261291504|0.3268207311630249|0.43060746788978577|0.1474243551492691|0.09917276352643967
tx_90133,acc_643,acc_2246,11229.13,2024-01-01T12:00:00,layered transfer via intermediary,0.11232969164848328|0.18115782737731934|0.2512912452220917|0.8549295663833618|0.8314007520675659|0.9641883969306946|0.5086520314216614|0.450801283121109
tx_90134,acc_2246,acc_6641,8871.49,2024-01-01T12:00:00,high-value cross-border wire,0.7645555138587952|0.9969177842140198|0.11546910554170609|0.3026147782802582|0.6523883938789368|0.585801362991333|0.19824202358722687|0.634227454662323
tx_90135,acc_4583,acc_2083,11927.84,2024-01-01T12:00:00,offshore transfer to tax haven,0.3354588747024536|0.535832405090332|0.8962000608444214|0.9040831327438354|0.7957221269607544|0.13063232600688934|0.20053112506866455|0.5797425508499146
tx_90136,acc_2083,acc_9008,9388.42,2024-01-01T12:00:00,rapid movement of funds between accounts,0.3340839743614197|0.6522120833396912|0.4539414644241333|0.33819061517715454|0.7321610450744629|0.41455012559890747|0.7218261957168579|0.4635797142982483
tx_90137,acc_9008,acc_5163,10284.67,2024-01-01T12:00:00,layered transfer via intermediary,0.11232969164848328|0.18115782737731934|0.2512912452220917|0.8549295663833618|0.8314007520675659|0.9641883969306946|0.5086520314216614|0.450801283121109
tx_90138,acc_5163,acc_4583,12387.85,2024-01-01T12:00:00,shell company payment,0.5747149586677551|0.25125250220298767|0.8648430109024048|0.1363816261291504|0.3268207311630249|0.43060746788978577|0.1474243551492691|0.09917276352643967
tx_90139,acc_9379,acc_3117,10215.13,2024-01-01T12:00:00,round-trip transaction,0.49452438950538635|0.6610378623008728|0.9613661766052246|0.48652133345603943|0.16690754890441895|0.3122021555900574|0.6107506155967712|0.41790771484375
tx_90140,acc_3117,acc_4494,9290.85,2024-01-01T12:00:00,round-trip transaction,0.49452438950538635|0.6610378623008728|0.9613661766052246|0.48652133345603943|0.16690754890441895|0.3122021555900574|0.6107506155967712|0.41790771484375
tx_90141,acc_4494,acc_1345,11317.71,2024-01-01T12:00:00,high-value cross-border wire,0.7645555138587952|0.9969177842140198|0.11546910554170609|0.3026147782802582|0.6523883938789368|0.585801362991333|0.19824202358722687|0.634227454662323
tx_90142,acc_1345,acc_5176,10942.69,2024-01-01T12:00:00,structuring deposit below threshold,0.015561695210635662|0.9960173964500427|0.7905386090278625|0.3885985016822815|0.4883720874786377|0.7861596345901489|0.07348134368658066|0.5417303442955017
tx_90143,acc_5176,acc_1240,9381.44,2024-01-01T12:00:00,round-trip transaction,0.49452438950538635|0.6610378623008728|0.9613661766052246|0.48652133345603943|0.16690754890441895|0.3122021555900574|0.6107506155967712|0.41790771484375
tx_90144,acc_1240,acc_8384,9815.65,2024-01-01T12:00:00,structuring deposit below threshold,0.015561695210635662|0.9960173964500427|0.7905386090278625|0.3885985016822815|0.4883720874786377|0.7861596345901489|0.07348134368658066|0.5417303442955017
tx_90145,acc_8384,acc_9379,8801.26,2024-01-01T12:00:00,offshore transfer to tax haven,0.3354588747024536|0.535832405090332|0.8962000608444214|0.9040831327438354|0.7957221269607544|0.13063232600688934|0.20053112506866455|0.5797425508499146
tx_90146,acc_7490,acc_6367,8569.81,2024-01-01T12:00:00,offshore transfer to tax haven,0.3354588747024536|0.535832405090332|0.8962000608444214|0.9040831327438354|0.7957221269607544|0.13063232600688934|0.20053112506866455|0.5797425508499146
tx_90147,acc_6367,acc_3458,8546.4,2024-01-01T12:00:00,shell company payment,0.5747149586677551|0.25125250220298767|0.8648430109024048|0.1363816261291504|0.3268207311630249|0.43060746788978577|0.1474243551492691|0.09917276352643967
tx_90148,acc_3458,acc_4438,11186.13,2024-01-01T12:00:00,round-trip transaction,0.49452438950538635|0.6610378623008728|0.9613661766052246|0.48652133345603943|0.16690754890441895|0.3122021555900574|0.6107506155967712|0.41790771484375
tx_90149,acc_4438,acc_2478,9976.02,2024-01-01T12:00:00,shell company payment,0.5747149586677551|0.25125250220298767|0.8648430109024048|0.1363816261291504|0.3268207311630249|0.43060746788978577|0.1474243551492691|0.09917276352643967
tx_90150,acc_2478,acc_7490,8896.88,2024-01-01T12:00:00,offshore transfer to tax haven,0.3354588747024536|0.535832405090332|0.8962000608444214|0.9040831327438354|0.7957221269607544|0.13063232600688934|0.20053112506866455|0.5797425508499146
tx_90151,acc_4506,acc_796,11063.32,2024-01-01T12:00:00,offshore transfer to tax haven,0.3354588747024536|0.535832405090332|0.8962000608444214|0.9040831327438354|0.7957221269607544|0.13063232600688934|0.20053112506866455|0.5797425508499146
tx_90152,acc_796,acc_5320,11488.16,2024-01-01T12:00:00,offshore transfer to tax haven,0.3354588747024536|0.535832405090332|0.8962000608444214|0.9040831327438354|0.7957221269607544|0.13063232600688934|0.20053112506866455|0.5797425508499146
tx_90153,acc_5320,acc_1095,9237.29,2024-01-01T12:00:00,dormant account sudden activity,0.09570565074682236|0.24545806646347046|0.616956889629364|0.6823961138725281|0.6397320628166199|0.08319433778524399|0.9039698839187622|0.2902640998363495
tx_90154,acc_1095,acc_6080,10324.4,2024-01-01T12:00:00,offshore transfer to tax haven,0.3354588747024536|0.535832405090332|0.8962000608444214|0.9040831327438354|0.7957221269607544|0.13063232600688934|0.20053112506866455|0.5797425508499146
tx_90155,acc_6080,acc_4506,11051.05,2024-01-01T12:00:00,rapid movement of funds between accounts,0.3340839743614197|0.6522120833396912|0.4539414644241333|0.33819061517715454|0.7321610450744629|0.41455012559890747|0.7218261957168579|0.4635797142982483
tx_90156,acc_3802,acc_9644,11770.25,2024-01-01T12:00:00,round-trip transaction,0.49452438950538635|0.6610378623008728|0.9613661766052246|0.48652133345603943|0.16690754890441895|0.3122021555900574|0.6107506155967712|0.41790771484375
tx_90157,acc_9644,acc_1184,11214.15,2024-01-01T12:00:00,shell company payment,0.5747149586677551|0.25125250220298767|0.8648430109024048|0.1363816261291504|0.3268207311630249|0.43060746788978577|0.1474243551492691|0.09917276352643967
tx_90158,acc_1184,acc_5746,9666.89,2024-01-01T12:00:00,round-trip transaction,0.49452438950538635|0.6610378623008728|0.9613661766052246|0.48652133345603943|0.16690754890441895|0.3122021555900574|0.6107506155967712|0.41790771484375
tx_90159,acc_5746,acc_9527,11851.97,2024-01-01T12:00:00,structuring deposit below threshold,0.015561695210635662|0.9960173964500427|0.7905386090278625|0.3885985016822815|0.4883720874786377|0.7861596345901489|0.07348134368658066|0.5417303442955017
tx_90160,acc_9527,acc_6250,12007.37,2024-01-01T12:00:00,dormant account sudden activity,0.09570565074682236|0.24545806646347046|0.616956889629364|0.6823961138725281|0.6397320628166199|0.08319433778524399|0.9039698839187622|0.2902640998363495
tx_90161,acc_6250,acc_3802,8864.24,2024-01-01T12:00:00,shell company payment,0.5747149586677551|0.25125250220298767|0.8648430109024048|0.1363816261291504|0.3268207311630249|0.43060746788978577|0.1474243551492691|0.09917276352643967
tx_90162,acc_3859,acc_8737,9629.02,2024-01-01T12:00:00,structuring deposit below threshold,0.015561695210635662|0.9960173964500427|0.7905386090278625|0.3885985016822815|0.4883720874786377|0.7861596345901489|0.07348134368658066|0.5417303442955017
tx_90163,acc_8737,acc_9582,11853.89,2024-01-01T12:00:00,high-value cross-border wire,0.7645555138587952|0.9969177842140198|0.11546910554170609|0.3026147782802582|0.6523883938789368|0.585801362991333|0.19824202358722687|0.634227454662323
tx_90164,acc_9582,acc_6243,12337.71,2024-01-01T12:00:00,dormant account sudden activity,0.09570565074682236|0.24545806646347046|0.616956889629364|0.6823961138725281|0.6397320628166199|0.08319433778524399|0.9039698839187622|0.2902640998363495
tx_90165,acc_6243,acc_3549,11337.32,2024-01-01T12:00:00,high-value cross-border wire,0.7645555138587952|0.9969177842140198|0.11546910554170609|0.3026147782802582|0.6523883938789368|0.585801362991333|0.19824202358722687|0.634227454662323
tx_90166,acc_3549,acc_2748,7664.89,2024-01-01T12:00:00,shell company payment,0.5747149586677551|0.25125250220298767|0.8648430109024048|0.1363816261291504|0.3268207311630249|0.43060746788978577|0.1474243551492691|0.09917276352643967
tx_90167,acc_2748,acc_3859,10309.12,2024-01-01T12:00:00,dormant account sudden activity,0.09570565074682236|0.24545806646347046|0.616956889629364|0.6823961138725281|0.6397320628166199|0.08319433778524399|0.9039698839187622|0.2902640998363495
tx_90168,acc_329,acc_4297,9495.86,2024-01-01T12:00:00,rapid movement of funds between accounts,0.3340839743614197|0.6522120833396912|0.4539414644241333|0.33819061517715454|0.7321610450744629|0.41455012559890747|0.7218261957168579|0.4635797142982483
tx_90169,acc_4297,acc_7469,12168.5,2024-01-01T12:00:00,offshore transfer to tax haven,0.3354588747024536|0.535832405090332|0.8962000608444214|0.9040831327438354|0.7957221269607544|0.13063232600688934|0.20053112506866455|0.5797425508499146
tx_90170,acc_7469,acc_5324,7840.98,2024-01-01T12:00:00,offshore transfer to tax haven,0.3354588747024536|0.535832405090332|0.8962000608444214|0.9040831327438354|0.7957221269607544|0.13063232600688934|0.20053112506866455|0.5797425508499146
tx_90171,acc_5324,acc_3989,12171.91,2024-01-01T12:00:00,layered transfer via intermediary,0.11232969164848328|0.18115782737731934|0.2512912452220917|0.8549295663833618|0.8314007520675659|0.9641883969306946|0.5086520314216614|0.450801283121109
tx_90172,acc_3989,acc_7818,9751.07,2024-01-01T12:00:00,dormant account sudden activity,0.09570565074682236|0.24545806646347046|0.616956889629364|0.6823961138725281|0.6397320628166199|0.08319433778524399|0.9039698839187622|0.2902640998363495
tx_90173,acc_7818,acc_3834,11617.61,2024-01-01T12:00:00,offshore transfer to tax haven,0.3354588747024536|0.535832405090332|0.8962000608444214|0.9040831327438354|0.7957221269607544|0.13063232600688934|0.20053112506866455|0.5797425508499146
tx_90174,acc_3834,acc_329,10760.61,2024-01-01T12:00:00,offshore transfer to tax haven,0.3354588747024536|0.535832405090332|0.8962000608444214|0.9040831327438354|0.7957221269607544|0.13063232600688934|0.20053112506866455|0.5797425508499146
tx_90175,acc_3337,acc_2207,11811.38,2024-01-01T12:00:00,dormant account sudden activity,0.09570565074682236|0.24545806646347046|0.616956889629364|0.6823961138725281|0.6397320628166199|0.08319433778524399|0.9039698839187622|0.2902640998363495
tx_90176,acc_2207,acc_4449,12497.38,2024-01-01T12:00:00,rapid movement of funds between accounts,0.3340839743614197|0.6522120833396912|0.4539414644241333|0.33819061517715454|0.7321610450744629|0.41455012559890747|0.7218261957168579|0.4635797142982483
tx_90177,acc_4449,acc_6755,9993.42,2024-01-01T12:00:00,layered transfer via intermediary,0.11232969164848328|0.18115782737731934|0.2512912452220917|0.8549295663833618|0.8314007520675659|0.9641883969306946|0.5086520314216614|0.450801283121109
tx_90178,acc_6755,acc_3357,9607.03,2024-01-01T12:00:00,structuring deposit below threshold,0.015561695210635662|0.9960173964500427|0.7905386090278625|0.3885985016822815|0.4883720874786377|0.7861596345901489|0.07348134368658066|0.5417303442955017
tx_90179,acc_3357,acc_6358,11119.23,2024-01-01T12:00:00,shell company payment,0.5747149586677551|0.25125250220298767|0.8648430109024048|0.1363816261291504|0.3268207311630249|0.43060746788978577|0.1474243551492691|0.09917276352643967
tx_90180,acc_6358,acc_9858,10369.27,2024-01-01T12:00:00,round-trip transaction,0.49452438950538635|0.6610378623008728|0.9613661766052246|0.48652133345603943|0.16690754890441895|0.3122021555900574|0.6107506155967712|0.41790771484375
tx_90181,acc_9858,acc_3337,11128.57,2024-01-01T12:00:00,high-value cross-border wire,0.7645555138587952|0.9969177842140198|0.11546910554170609|0.3026147782802582|0.6523883938789368|0.585801362991333|0.19824202358722687|0.634227454662323
tx_90182,acc_9740,acc_9027,9339.55,2024-01-01T12:00:00,round-trip transaction,0.49452438950538635|0.6610378623008728|0.9613661766052246|0.48652133345603943|0.16690754890441895|0.3122021555900574|0.6107506155967712|0.41790771484375
tx_90183,acc_9027,acc_6987,9983.02,2024-01-01T12:00:00,layered transfer via intermediary,0.11232969164848328|0.18115782737731934|0.2512912452220917|0.8549295663833618|0.8314007520675659|0.9641883969306946|0.5086520314216614|0.450801283121109
tx_90184,acc_6987,acc_4074,10422.26,2024-01-01T12:00:00,shell company payment,0.5747149586677551|0.25125250220298767|0.8648430109024048|0.1363816261291504|0.3268207311630249|0.43060746788978577|0.1474243551492691|0.09917276352643967
tx_90185,acc_4074,acc_8030,11990.77,2024-01-01T12:00:00,round-trip transaction,0.49452438950538635|0.6610378623008728|0.9613661766052246|0.48652133345603943|0.16690754890441895|0.3122021555900574|0.6107506155967712|0.41790771484375
tx_90186,acc_8030,acc_405,8805.26,2024-01-01T12:00:00,rapid movement of funds between accounts,0.3340839743614197|0.6522120833396912|0.4539414644241333|0.33819061517715454|0.7321610450744629|0.41455012559890747|0.7218261957168579|0.4635797142982483
tx_90187,acc_405,acc_4562,8528.99,2024-01-01T12:00:00,round-trip transaction,0.49452438950538635|0.6610378623008728|0.9613661766052246|0.48652133345603943|0.16690754890441895|0.3122021555900574|0.6107506155967712|0.41790771484375
tx_90188,acc_4562,acc_9740,10310.95,2024-01-01T12:00:00,round-trip transaction,0.49452438950538635|0.6610378623008728|0.9613661766052246|0.48652133345603943|0.16690754890441895|0.3122021555900574|0.6107506155967712|0.41790771484375
tx_90189,acc_4340,acc_788,8412.93,2024-01-01T12:00:00,shell company payment,0.5747149586677551|0.25125250220298767|0.8648430109024048|0.1363816261291504|0.3268207311630249|0.43060746788978577|0.1474243551492691|0.09917276352643967
tx_90190,acc_788,acc_5325,8554.12,2024-01-01T12:00:00,round-trip transaction,0.49452438950538635|0.6610378623008728|0.9613661766052246|0.48652133345603943|0.16690754890441895|0.3122021555900574|0.6107506155967712|0.41790771484375
tx_90191,acc_5325,acc_9399,8574.09,2024-01-01T12:00:00,offshore transfer to tax haven,0.3354588747024536|0.535832405090332|0.8962000608444214|0.9040831327438354|0.7957221269607544|0.13063232600688934|0.20053112506866455|0.5797425508499146
tx_90192,acc_9399,acc_4496,9035.03,2024-01-01T12:00:00,layered transfer via intermediary,0.11232969164848328|0.18115782737731934|0.2512912452220917|0.8549295663833618|0.8314007520675659|0.9641883969306946|0.5086520314216614|0.450801283121109
tx_90193,acc_4496,acc_3137,8702.59,2024-01-01T12:00:00,high-value cross-border wire,0.7645555138587952|0.9969177842140198|0.11546910554170609|0.3026147782802582|0.6523883938789368|0.585801362991333|0.19824202358722687|0.634227454662323
tx_90194,acc_3137,acc_7316,11019.15,2024-01-01T12:00:00,round-trip transaction,0.49452438950538635|0.6610378623008728|0.9613661766052246|0.48652133345603943|0.16690754890441895|0.3122021555900574|0.6107506155967712|0.41790771484375
tx_90195,acc_7316,acc_4340,8962.97,2024-01-01T12:00:00,shell company payment,0.5747149586677551|0.25125250220298767|0.8648430109024048|0.1363816261291504|0.3268207311630249|0.43060746788978577|0.1474243551492691|0.09917276352643967
tx_90196,acc_6912,acc_4879,9831.09,2024-01-01T12:00:00,layered transfer via intermediary,0.11232969164848328|0.18115782737731934|0.2512912452220917|0.8549295663833618|0.8314007520675659|0.9641883969306946|0.5086520314216614|0.450801283121109
tx_90197,acc_4879,acc_6448,11245.59,2024-01-01T12:00:00,rapid movement of funds between accounts,0.3340839743614197|0.6522120833396912|0.4539414644241333|0.33819061517715454|0.7321610450744629|0.41455012559890747|0.7218261957168579|0.4635797142982483
tx_90198,acc_6448,acc_5147,12248.79,2024-01-01T12:00:00,high-value cross-border wire,0.7645555138587952|0.9969177842140198|0.11546910554170609|0.3026147782802582|0.6523883938789368|0.585801362991333|0.19824202358722687|0.634227454662323
tx_90199,acc_5147,acc_5097,8415.85,2024-01-01T12:00:00,high-value cross-border wire,0.7645555138587952|0.9969177842140198|0.11546910554170609|0.3026147782802582|0.6523883938789368|0.585801362991333|0.19824202358722687|0.634227454662323
tx_90200,acc_5097,acc_545,11177.0,2024-01-01T12:00:00,offshore transfer to tax haven,0.3354588747024536|0.535832405090332|0.8962000608444214|0.9040831327438354|0.7957221269607544|0.13063232600688934|0.20053112506866455|0.5797425508499146
tx_90201,acc_545,acc_6912,10396.68,2024-01-01T12:00:00,high-value cross-border wire,0.7645555138587952|0.9969177842140198|0.11546910554170609|0.3026147782802582|0.6523883938789368|0.585801362991333|0.19824202358722687|0.634227454662323
tx_90202,acc_7389,acc_2585,7827.99,2024-01-01T12:00:00,layered transfer via intermediary,0.11232969164848328|0.18115782737731934|0.2512912452220917|0.8549295663833618|0.8314007520675659|0.9641883969306946|0.5086520314216614|0.450801283121109
tx_90203,acc_2585,acc_3995,11101.61,2024-01-01T12:00:00,offshore transfer to tax haven,0.3354588747024536|0.535832405090332|0.8962000608444214|0.9040831327438354|0.7957221269607544|0.13063232600688934|0.20053112506866455|0.5797425508499146
tx_90204,acc_3995,acc_4339,8192.72,2024-01-01T12:00:00,dormant account sudden activity,0.09570565074682236|0.24545806646347046|0.616956889629364|0.6823961138725281|0.6397320628166199|0.08319433778524399|0.9039698839187622|0.2902640998363495
tx_90205,acc_4339,acc_4168,9891.21,2024-01-01T12:00:00,dormant account sudden activity,0.09570565074682236|0.24545806646347046|0.616956889629364|0.6823961138725281|0.6397320628166199|0.08319433778524399|0.9039698839187622|0.2902640998363495
tx_90206,acc_4168,acc_6434,9239.18,2024-01-01T12:00:00,shell company payment,0.5747149586677551|0.25125250220298767|0.8648430109024048|0.1363816261291504|0.3268207311630249|0.43060746788978577|0.1474243551492691|0.09917276352643967
tx_90207,acc_6434,acc_32,9080.31,2024-01-01T12:00:00,rapid movement of funds between accounts,0.3340839743614197|0.6522120833396912|0.4539414644241333|0.33819061517715454|0.7321610450744629|0.41455012559890747|0.7218261957168579|0.4635797142982483
tx_90208,acc_32,acc_7389,12403.17,2024-01-01T12:00:00,round-trip transaction,0.49452438950538635|0.6610378623008728|0.9613661766052246|0.48652133345603943|0.16690754890441895|0.3122021555900574|0.6107506155967712|0.41790771484375
tx_90209,acc_8782,acc_8318,7812.86,2024-01-01T12:00:00,shell company payment,0.5747149586677551|0.25125250220298767|0.8648430109024048|0.1363816261291504|0.3268207311630249|0.43060746788978577|0.1474243551492691|0.09917276352643967
tx_90210,acc_8318,acc_9882,10502.82,2024-01-01T12:00:00,rapid movement of funds between accounts,0.3340839743614197|0.6522120833396912|0.4539414644241333|0.33819061517715454|0.7321610450744629|0.41455012559890747|0.7218261957168579|0.4635797142982483
tx_90211,acc_9882,acc_1240,8370.48,2024-01-01T12:00:00,dormant account sudden activity,0.09570565074682236|0.24545806646347046|0.616956889629364|0.6823961138725281|0.6397320628166199|0.08319433778524399|0.9039698839187622|0.2902640998363495
tx_90212,acc_1240,acc_423,9131.57,2024-01-01T12:00:00,structuring deposit below threshold,0.015561695210635662|0.9960173964500427|0.7905386090278625|0.3885985016822815|0.4883720874786377|0.7861596345901489|0.07348134368658066|0.5417303442955017
tx_90213,acc_423,acc_8782,11999.36,2024-01-01T12:00:00,shell company payment,0.5747149586677551|0.25125250220298767|0.8648430109024048|0.1363816261291504|0.3268207311630249|0.43060746788978577|0.1474243551492691|0.09917276352643967
tx_90214,acc_2521,acc_7157,10227.18,2024-01-01T12:00:00,round-trip transaction,0.49452438950538635|0.6610378623008728|0.9613661766052246|0.48652133345603943|0.16690754890441895|0.3122021555900574|0.6107506155967712|0.41790771484375
tx_90215,acc_7157,acc_9792,9870.13,2024-01-01T12:00:00,dormant account sudden activity,0.09570565074682236|0.24545806646347046|0.616956889629364|0.6823961138725281|0.6397320628166199|0.08319433778524399|0.9039698839187622|0.2902640998363495
tx_90216,acc_9792,acc_7769,12066.44,2024-01-01T12:00:00,shell company payment,0.5747149586677551|0.25125250220298767|0.8648430109024048|0.1363816261291504|0.3268207311630249|0.43060746788978577|0.1474243551492691|0.09917276352643967
tx_90217,acc_7769,acc_8484,8614.55,2024-01-01T12:00:00,rapid movement of funds between accounts,0.3340839743614197|0.6522120833396912|0.4539414644241333|0.33819061517715454|0.7321610450744629|0.41455012559890747|0.7218261957168579|0.4635797142982483
tx_90218,acc_8484,acc_5344,11531.53,2024-01-01T12:00:00,round-trip transaction,0.49452438950538635|0.6610378623008728|0.9613661766052246|0.48652133345603943|0.16690754890441895|0.3122021555900574|0.6107506155967712|0.41790771484375
tx_90219,acc_5344,acc_8283,8473.95,2024-01-01T12:00:00,offshore transfer to tax haven,0.3354588747024536|0.535832405090332|0.8962000608444214|0.9040831327438354|0.7957221269607544|0.13063232600688934|0.20053112506866455|0.5797425508499146
tx_90220,acc_8283,acc_2521,8221.91,2024-01-01T12:00:00,rapid movement of funds between accounts,0.3340839743614197|0.6522120833396912|0.4539414644241333|0.33819061517715454|0.7321610450744629|0.41455012559890747|0.7218261957168579|0.4635797142982483
tx_90221,acc_1999,acc_1386,10074.13,2024-01-01T12:00:00,shell company payment,0.5747149586677551|0.25125250220298767|0.8648430109024048|0.1363816261291504|0.3268207311630249|0.43060746788978577|0.1474243551492691|0.09917276352643967
tx_90222,acc_1386,acc_6623,11657.81,2024-01-01T12:00:00,round-trip transaction,0.49452438950538635|0.6610378623008728|0.9613661766052246|0.48652133345603943|0.16690754890441895|0.3122021555900574|0.6107506155967712|0.41790771484375
tx_90223,acc_6623,acc_2331,8459.03,2024-01-01T12:00:00,round-trip transaction,0.49452438950538635|0.6610378623008728|0.9613661766052246|0.48652133345603943|0.16690754890441895|0.3122021555900574|0.6107506155967712|0.41790771484375
tx_90224,acc_2331,acc_9595,11752.93,2024-01-01T12:00:00,layered transfer via intermediary,0.11232969164848328|0.18115782737731934|0.2512912452220917|0.8549295663833618|0.8314007520675659|0.9641883969306946|0.5086520314216614|0.450801283121109
tx_90225,acc_9595,acc_1999,12368.17,2024-01-01T12:00:00,shell company payment,0.5747149586677551|0.25125250220298767|0.8648430109024048|0.1363816261291504|0.3268207311630249|0.43060746788978577|0.1474243551492691|0.09917276352643967
tx_90226,acc_4860,acc_781,7605.61,2024-01-01T12:00:00,rapid movement of funds between accounts,0.3340839743614197|0.6522120833396912|0.4539414644241333|0.33819061517715454|0.7321610450744629|0.41455012559890747|0.7218261957168579|0.4635797142982483
tx_90227,acc_781,acc_574,7878.73,2024-01-01T12:00:00,dormant account sudden activity,0.09570565074682236|0.24545806646347046|0.616956889629364|0.6823961138725281|0.6397320628166199|0.08319433778524399|0.9039698839187622|0.2902640998363495
tx_90228,acc_574,acc_4329,11589.3,2024-01-01T12:00:00,rapid movement of funds between accounts,0.3340839743614197|0.6522120833396912|0.4539414644241333|0.33819061517715454|0.7321610450744629|0.41455012559890747|0.7218261957168579|0.4635797142982483
tx_90229,acc_4329,acc_1444,11421.88,2024-01-01T12:00:00,structuring deposit below threshold,0.015561695210635662|0.9960173964500427|0.7905386090278625|0.3885985016822815|0.4883720874786377|0.7861596345901489|0.07348134368658066|0.5417303442955017
tx_90230,acc_1444,acc_4860,10150.73,2024-01-01T12:00:00,structuring deposit below threshold,0.015561695210635662|0.9960173964500427|0.7905386090278625|0.3885985016822815|0.4883720874786377|0.7861596345901489|0.07348134368658066|0.5417303442955017
tx_90231,acc_257,acc_1750,12461.98,2024-01-01T12:00:00,round-trip transaction,0.49452438950538635|0.6610378623008728|0.9613661766052246|0.48652133345603943|0.16690754890441895|0.3122021555900574|0.6107506155967712|0.41790771484375
tx_90232,acc_1750,acc_7359,9259.4,2024-01-01T12:00:00,dormant account sudden activity,0.09570565074682236|0.24545806646347046|0.616956889629364|0.6823961138725281|0.6397320628166199|0.08319433778524399|0.9039698839187622|0.2902640998363495
tx_90233,acc_7359,acc_5577,9020.89,2024-01-01T12:00:00,high-value cross-border wire,0.7645555138587952|0.9969177842140198|0.11546910554170609|0.3026147782802582|0.6523883938789368|0.585801362991333|0.19824202358722687|0.634227454662323
tx_90234,acc_5577,acc_257,9988.29,2024-01-01T12:00:00,offshore transfer to tax haven,0.3354588747024536|0.535832405090332|0.8962000608444214|0.9040831327438354|0.7957221269607544|0.13063232600688934|0.20053112506866455|0.5797425508499146
tx_90235,acc_8296,acc_4260,11743.59,2024-01-01T12:00:00,offshore transfer to tax haven,0.3354588747024536|0.535832405090332|0.8962000608444214|0.9040831327438354|0.7957221269607544|0.13063232600688934|0.20053112506866455|0.5797425508499146
tx_90236,acc_4260,acc_2814,9672.81,2024-01-01T12:00:00,high-value cross-border wire,0.7645555138587952|0.9969177842140198|0.11546910554170609|0.3026147782802582|0.6523883938789368|0.585801362991333|0.19824202358722687|0.634227454662323
tx_90237,acc_2814,acc_7301,10518.11,2024-01-01T12:00:00,shell company payment,0.5747149586677551|0.25125250220298767|0.8648430109024048|0.1363816261291504|0.3268207311630249|0.43060746788978577|0.1474243551492691|0.09917276352643967
tx_90238,acc_7301,acc_2601,9720.38,2024-01-01T12:00:00,offshore transfer to tax haven,0.3354588747024536|0.535832405090332|0.8962000608444214|0.9040831327438354|0.7957221269607544|0.13063232600688934|0.20053112506866455|0.5797425508499146
tx_90239,acc_2601,acc_8296,9206.62,2024-01-01T12:00:00,dormant account sudden activity,0.09570565074682236|0.24545806646347046|0.616956889629364|0.6823961138725281|0.6397320628166199|0.08319433778524399|0.9039698839187622|0.2902640998363495
tx_90240,acc_1545,acc_2724,7771.15,2024-01-01T12:00:00,layered transfer via intermediary,0.11232969164848328|0.18115782737731934|0.2512912452220917|0.8549295663833618|0.8314007520675659|0.9641883969306946|0.5086520314216614|0.450801283121109
tx_90241,acc_2724,acc_3429,10201.27,2024-01-01T12:00:00,shell company payment,0.5747149586677551|0.25125250220298767|0.8648430109024048|0.1363816261291504|0.3268207311630249|0.43060746788978577|0.1474243551492691|0.09917276352643967
tx_90242,acc_3429,acc_347,11248.3,2024-01-01T12:00:00,offshore transfer to tax haven,0.3354588747024536|0.535832405090332|0.8962000608444214|0.9040831327438354|0.7957221269607544|0.13063232600688934|0.20053112506866455|0.5797425508499146
tx_90243,acc_347,acc_1545,7618.05,2024-01-01T12:00:00,offshore transfer to tax haven,0.3354588747024536|0.535832405090332|0.8962000608444214|0.9040831327438354|0.7957221269607544|0.13063232600688934|0.20053112506866455|0.5797425508499146
tx_90244,acc_6482,acc_8058,10993.46,2024-01-01T12:00:00,structuring deposit below threshold,0.015561695210635662|0.9960173964500427|0.7905386090278625|0.3885985016822815|0.4883720874786377|0.7861596345901489|0.07348134368658066|0.5417303442955017
tx_90245,acc_8058,acc_25,9259.81,2024-01-01T12:00:00,rapid movement of funds between accounts,0.3340839743614197|0.6522120833396912|0.4539414644241333|0.33819061517715454|0.7321610450744629|0.41455012559890747|0.7218261957168579|0.4635797142982483
tx_90246,acc_25,acc_1476,11957.62,2024-01-01T12:00:00,shell company payment,0.5747149586677551|0.25125250220298767|0.8648430109024048|0.1363816261291504|0.3268207311630249|0.43060746788978577|0.1474243551492691|0.09917276352643967
tx_90247,acc_1476,acc_9836,11547.48,2024-01-01T12:00:00,rapid movement of funds between accounts,0.3340839743614197|0.6522120833396912|0.4539414644241333|0.33819061517715454|0.7321610450744629|0.41455012559890747|0.7218261957168579|0.4635797142982483
tx_90248,acc_9836,acc_4287,9710.74,2024-01-01T12:00:00,round-trip transaction,0.49452438950538635|0.6610378623008728|0.9613661766052246|0.48652133345603943|0.16690754890441895|0.3122021555900574|0.6107506155967712|0.41790771484375
tx_90249,acc_4287,acc_6482,8090.77,2024-01-01T12:00:00,dormant account sudden activity,0.09570565074682236|0.24545806646347046|0.616956889629364|0.6823961138725281|0.6397320628166199|0.08319433778524399|0.9039698839187622|0.2902640998363495
tx_90250,acc_4297,acc_949,11489.76,2024-01-01T12:00:00,round-trip transaction,0.49452438950538635|0.6610378623008728|0.9613661766052246|0.48652133345603943|0.16690754890441895|0.3122021555900574|0.6107506155967712|0.41790771484375
tx_90251,acc_949,acc_6650,9661.41,2024-01-01T12:00:00,round-trip transaction,0.49452438950538635|0.6610378623008728|0.9613661766052246|0.48652133345603943|0.16690754890441895|0.3122021555900574|0.6107506155967712|0.41790771484375
tx_90252,acc_6650,acc_2804,11365.64,2024-01-01T12:00:00,structuring deposit below threshold,0.015561695210635662|0.9960173964500427|0.7905386090278625|0.3885985016822815|0.4883720874786377|0.7861596345901489|0.07348134368658066|0.5417303442955017
tx_90253,acc_2804,acc_4297,9662.95,2024-01-01T12:00:00,round-trip transaction,0.49452438950538635|0.6610378623008728|0.9613661766052246|0.48652133345603943|0.16690754890441895|0.3122021555900574|0.6107506155967712|0.41790771484375
tx_90254,acc_4108,acc_4641,10104.14,2024-01-01T12:00:00,shell company payment,0.5747149586677551|0.25125250220298767|0.8648430109024048|0.1363816261291504|0.3268207311630249|0.43060746788978577|0.1474243551492691|0.09917276352643967
tx_90255,acc_4641,acc_4302,9030.72,2024-01-01T12:00:00,layered transfer via intermediary,0.11232969164848328|0.18115782737731934|0.2512912452220917|0.8549295663833618|0.8314007520675659|0.9641883969306946|0.5086520314216614|0.450801283121109
tx_90256,acc_4302,acc_3601,9203.3,2024-01-01T12:00:00,high-value cross-border wire,0.7645555138587952|0.9969177842140198|0.11546910554170609|0.3026147782802582|0.6523883938789368|0.585801362991333|0.19824202358722687|0.634227454662323
tx_90257,acc_3601,acc_4108,8740.32,2024-01-01T12:00:00,layered transfer via intermediary,0.11232969164848328|0.18115782737731934|0.2512912452220917|0.8549295663833618|0.8314007520675659|0.9641883969306946|0.5086520314216614|0.450801283121109
tx_90258,acc_8024,acc_1337,7518.06,2024-01-01T12:00:00,rapid movement of funds between accounts,0.3340839743614197|0.6522120833396912|0.4539414644241333|0.33819061517715454|0.7321610450744629|0.41455012559890747|0.7218261957168579|0.4635797142982483
tx_90259,acc_1337,acc_6138,8454.93,2024-01-01T12:00:00,structuring deposit below threshold,0.015561695210635662|0.9960173964500427|0.7905386090278625|0.3885985016822815|0.4883720874786377|0.7861596345901489|0.07348134368658066|0.5417303442955017
tx_90260,acc_6138,acc_9965,12025.11,2024-01-01T12:00:00,layered transfer via intermediary,0.11232969164848328|0.18115782737731934|0.2512912452220917|0.8549295663833618|0.8314007520675659|0.9641883969306946|0.5086520314216614|0.450801283121109
tx_90261,acc_9965,acc_2961,11045.98,2024-01-01T12:00:00,offshore transfer to tax haven,0.3354588747024536|0.535832405090332|0.8962000608444214|0.9040831327438354|0.7957221269607544|0.13063232600688934|0.20053112506866455|0.5797425508499146
tx_90262,acc_2961,acc_113,8300.98,2024-01-01T12:00:00,offshore transfer to tax haven,0.3354588747024536|0.535832405090332|0.8962000608444214|0.9040831327438354|0.7957221269607544|0.13063232600688934|0.20053112506866455|0.5797425508499146
tx_90263,acc_113,acc_8024,10974.74,2024-01-01T12:00:00,structuring deposit below threshold,0.015561695210635662|0.9960173964500427|0.7905386090278625|0.3885985016822815|0.4883720874786377|0.7861596345901489|0.07348134368658066|0.5417303442955017
tx_90264,acc_328,acc_567,12486.6,2024-01-01T12:00:00,rapid movement of funds between accounts,0.3340839743614197|0.6522120833396912|0.4539414644241333|0.33819061517715454|0.7321610450744629|0.41455012559890747|0.7218261957168579|0.4635797142982483
tx_90265,acc_567,acc_1221,8006.6,2024-01-01T12:00:00,offshore transfer to tax haven,0.3354588747024536|0.535832405090332|0.8962000608444214|0.9040831327438354|0.7957221269607544|0.13063232600688934|0.20053112506866455|0.5797425508499146
tx_90266,acc_1221,acc_3280,11414.23,2024-01-01T12:00:00,rapid movement of funds between accounts,0.3340839743614197|0.6522120833396912|0.4539414644241333|0.33819061517715454|0.7321610450744629|0.41455012559890747|0.7218261957168579|0.4635797142982483
tx_90267,acc_3280,acc_5261,10819.41,2024-01-01T12:00:00,layered transfer via intermediary,0.11232969164848328|0.18115782737731934|0.2512912452220917|0.8549295663833618|0.8314007520675659|0.9641883969306946|0.5086520314216614|0.450801283121109
tx_90268,acc_5261,acc_9586,9742.54,2024-01-01T12:00:00,high-value cross-border wire,0.7645555138587952|0.9969177842140198|0.11546910554170609|0.3026147782802582|0.6523883938789368|0.585801362991333|0.19824202358722687|0.634227454662323
tx_90269,acc_9586,acc_9942,9630.41,2024-01-01T12:00:00,structuring deposit below threshold,0.015561695210635662|0.9960173964500427|0.7905386090278625|0.3885985016822815|0.4883720874786377|0.7861596345901489|0.07348134368658066|0.5417303442955017
tx_90270,acc_9942,acc_328,10205.73,2024-01-01T12:00:00,dormant account sudden activity,0.09570565074682236|0.24545806646347046|0.616956889629364|0.6823961138725281|0.6397320628166199|0.08319433778524399|0.9039698839187622|0.2902640998363495
tx_90271,acc_1690,acc_4679,11575.85,2024-01-01T12:00:00,rapid movement of funds between accounts,0.3340839743614197|0.6522120833396912|0.4539414644241333|0.33819061517715454|0.7321610450744629|0.41455012559890747|0.7218261957168579|0.4635797142982483
tx_90272,acc_4679,acc_1859,8089.03,2024-01-01T12:00:00,rapid movement of funds between accounts,0.3340839743614197|0.6522120833396912|0.4539414644241333|0.33819061517715454|0.7321610450744629|0.41455012559890747|0.7218261957168579|0.4635797142982483
tx_90273,acc_1859,acc_1867,11682.18,2024-01-01T12:00:00,round-trip transaction,0.49452438950538635|0.6610378623008728|0.9613661766052246|0.48652133345603943|0.16690754890441895|0.3122021555900574|0.6107506155967712|0.41790771484375
tx_90274,acc_1867,acc_9820,9336.47,2024-01-01T12:00:00,layered transfer via intermediary,0.11232969164848328|0.18115782737731934|0.2512912452220917|0.8549295663833618|0.8314007520675659|0.9641883969306946|0.5086520314216614|0.450801283121109
tx_90275,acc_9820,acc_6154,10980.63,2024-01-01T12:00:00,layered transfer via intermediary,0.11232969164848328|0.18115782737731934|0.2512912452220917|0.8549295663833618|0.8314007520675659|0.9641883969306946|0.5086520314216614|0.450801283121109
tx_90276,acc_6154,acc_1690,12059.08,2024-01-01T12:00:00,shell company payment,0.5747149586677551|0.25125250220298767|0.8648430109024048|0.1363816261291504|0.3268207311630249|0.43060746788978577|0.1474243551492691|0.09917276352643967
tx_90277,acc_1828,acc_1940,10904.47,2024-01-01T12:00:00,layered transfer via intermediary,0.11232969164848328|0.18115782737731934|0.2512912452220917|0.8549295663833618|0.8314007520675659|0.9641883969306946|0.5086520314216614|0.450801283121109
tx_90278,acc_1940,acc_1340,11144.61,2024-01-01T12:00:00,layered transfer via intermediary,0.11232969164848328|0.18115782737731934|0.2512912452220917|0.8549295663833618|0.8314007520675659|0.9641883969306946|0.5086520314216614|0.450801283121109
tx_90279,acc_1340,acc_8069,7930.24,2024-01-01T12:00:00,dormant account sudden activity,0.09570565074682236|0.24545806646347046|0.616956889629364|0.6823961138725281|0.6397320628166199|0.08319433778524399|0.9039698839187622|0.2902640998363495
tx_90280,acc_8069,acc_5282,8199.82,2024-01-01T12:00:00,round-trip transaction,0.49452438950538635|0.6610378623008728|0.9613661766052246|0.48652133345603943|0.16690754890441895|0.3122021555900574|0.6107506155967712|0.41790771484375
tx_90281,acc_5282,acc_1735,12138.85,2024-01-01T12:00:00,shell company payment,0.5747149586677551|0.25125250220298767|0.8648430109024048|0.1363816261291504|0.3268207311630249|0.43060746788978577|0.1474243551492691|0.09917276352643967
tx_90282,acc_1735,acc_1828,10345.2,2024-01-01T12:00:00,structuring deposit below threshold,0.015561695210635662|0.9960173964500427|0.7905386090278625|0.3885985016822815|0.4883720874786377|0.7861596345901489|0.07348134368658066|0.5417303442955017
tx_90283,acc_216,acc_3568,8792.83,2024-01-01T12:00:00,structuring deposit below threshold,0.015561695210635662|0.9960173964500427|0.7905386090278625|0.3885985016822815|0.4883720874786377|0.7861596345901489|0.07348134368658066|0.5417303442955017
tx_90284,acc_3568,acc_6719,9816.66,2024-01-01T12:00:00,shell company payment,0.5747149586677551|0.25125250220298767|0.8648430109024048|0.1363816261291504|0.3268207311630249|0.43060746788978577|0.1474243551492691|0.09917276352643967
tx_90285,acc_6719,acc_163,12139.37,2024-01-01T12:00:00,structuring deposit below threshold,0.015561695210635662|0.9960173964500427|0.7905386090278625|0.3885985016822815|0.4883720874786377|0.7861596345901489|0.07348134368658066|0.5417303442955017
tx_90286,acc_163,acc_216,11373.78,2024-01-01T12:00:00,layered transfer via intermediary,0.11232969164848328|0.18115782737731934|0.2512912452220917|0.8549295663833618|0.8314007520675659|0.9641883969306946|0.5086520314216614|0.450801283121109
